team,win,Chasing,opposition,key_player,Home/Away,toss,Day_night,BOWLER,BATSMAN
Australia,N,N,IND,N,Y,N,Y,JHY.R,P.H
Australia,N,N,IND,N,Y,Y,Y,STONIS,S.MARSH
Australia,Y,N,IND,N,Y,Y,Y,JHY.R,P.H
Australia,N,Y,SA,N,Y,Y,Y,STARC,S.MARSH
Australia,Y,N,SA,N,Y,N,Y,STONIS,A.CARREY
Australia,N,N,SA,N,Y,N,Y,STONIS,A.CARREY
Australia,N,N,ENG,N,N,Y,N,BILLY,HEAD
Australia,N,N,ENG,N,N,Y,N,AGAR,S.MARSH
Australia,N,Y,ENG,N,N,Y,Y,JHY.R,HEAD
Australia,N,Y,ENG,N,N,Y,N,JHY.R,S.MARSH
Australia,N,N,ENG,N,N,Y,N,JHY.R,MAX
Australia,N,N,ENG,N,Y,Y,N,TYE,STONIS
Australia,Y,Y,ENG,N,Y,Y,Y,PAT,HEAD
Australia,N,Y,ENG,N,Y,Y,Y,HAZ,FINCH
Australia,N,N,ENG,N,Y,Y,Y,STARC,FINCH
Australia,N,N,ENG,N,Y,N,Y,PAT,FINCH
Australia,N,N,IND,Y,N,Y,Y,ZAMPA,WARNER
Australia,Y,N,IND,Y,N,Y,Y,KANE,WARNER
Australia,N,N,IND,N,N,Y,Y,PAT,FINCH
Australia,N,Y,IND,Y,N,N,Y,NILE,SMITH
Australia,N,Y,IND,N,N,N,Y,NILE,MAX
Australia,N,Y,ENG,N,N,N,N,HAZ,HEAD
Australia,N,Y,NZ,N,N,N,N,STARC,FINCH
Australia,N,Y,NZ,N,N,Y,N,STONIS,STONIS
Australia,Y,N,PAK,Y,Y,Y,Y,STARC,WARNER
Australia,Y,N,PAK,Y,Y,Y,Y,ZAMPA,WARNER
Australia,Y,Y,PAK,Y,Y,Y,Y,HAZ,SMITH
Australia,N,N,PAK,Y,Y,Y,Y,STARC,SMITH
Australia,Y,N,PAK,N,Y,Y,Y,FAULK,WADE
Australia,Y,N,NZ,Y,Y,Y,Y,STARC,WARNER
Australia,Y,N,NZ,Y,Y,N,Y,PAT,WARNER
Australia,Y,N,NZ,Y,Y,Y,Y,HAZ,SMITH
Australia,N,Y,SA,Y,N,N,Y,TREE,WARNER
Australia,N,N,SA,N,N,Y,N,TREE,WADE
Australia,N,N,SA,Y,N,Y,Y,HASTING,WARNER
Australia,N,Y,SA,Y,N,Y,N,HASTING,WARNER
Australia,N,N,SA,N,N,N,Y,BOLAND,BAILEY
Australia,Y,Y,IRE,Y,Y,N,N,ZAMPA,SMITH/WARNER
Australia,Y,Y,SL,Y,N,N,Y,STARC,WARNER
Australia,Y,Y,SL,N,N,N,Y,HASTING,BAILEY
Australia,Y,Y,SL,N,N,N,Y,ZAMPA,BAILEY
Australia,N,Y,SL,N,N,N,Y,ZAMPA,WADE
Australia,Y,Y,SL,Y,N,Y,Y,FAULK,SMITH/WARNER
Australia,Y,N,WI,Y,N,Y,Y,HAZ,SMITH/WARNER
Australia,Y,Y,WI,Y,N,Y,Y,STARC,SMITH
Australia,N,N,WI,N,N,N,Y,ZAMPA,KHWAJA
Australia,Y,N,SA,Y,N,Y,Y,STARC,WARNER
Australia,N,Y,SA,N,N,N,Y,HAZ,FINCH
Australia,Y,Y,WI,Y,N,Y,Y,ZAMPA,WARNER
